{
  "0": {
    "precision": 0.9981024667931688,
    "recall": 0.9124024284475282,
    "f1-score": 0.953330312641595,
    "support": 1153.0
  },
  "1": {
    "precision": 0.3082191780821918,
    "recall": 0.9574468085106383,
    "f1-score": 0.46632124352331605,
    "support": 47.0
  },
  "accuracy": 0.9141666666666667,
  "macro avg": {
    "precision": 0.6531608224376804,
    "recall": 0.9349246184790833,
    "f1-score": 0.7098257780824555,
    "support": 1200.0
  },
  "weighted avg": {
    "precision": 0.9710820379853222,
    "recall": 0.9141666666666667,
    "f1-score": 0.9342557907677957,
    "support": 1200.0
  }
}