{
  "timestamp": "2025-06-10T09:35:39.779282",
  "samples_processed": 10,
  "features_extracted": 10,
  "data_quality": {
    "missing_values": 0,
    "outliers_detected": 0
  },
  "feature_statistics": {
    "air_temperature": {
      "mean": -0.32244755033416117,
      "std": 0.5485529974595483,
      "min": -1.123496496132835,
      "max": 0.6002797163453236
    },
    "process_temperature": {
      "mean": -0.04268776608876205,
      "std": 0.8677892413171098,
      "min": -1.4422124049672849,
      "max": 1.4111873442025151
    },
    "rotational_speed": {
      "mean": 0.14217470307720667,
      "std": 0.5543484888357869,
      "min": -0.7843854182149955,
      "max": 1.043258574770221
    },
    "torque": {
      "mean": 0.4330007422379536,
      "std": 0.5911972349889302,
      "min": -0.4326778939811339,
      "max": 1.4810329800680067
    },
    "tool_wear": {
      "mean": 0.3062944072406185,
      "std": 0.6599520741388184,
      "min": -0.6477011509998082,
      "max": 1.4411126529906686
    },
    "temp_difference": {
      "mean": 0.5739490540556783,
      "std": 0.21528701172151601,
      "min": 0.09329384158679921,
      "max": 0.8943858623682739
    },
    "estimated_power": {
      "mean": 0.9649792836504251,
      "std": 1.345736756330743,
      "min": -0.9888376071549845,
      "max": 3.3807297872081783
    },
    "mechanical_stress": {
      "mean": 0.14894456528697136,
      "std": 0.2201818204010798,
      "min": -0.15459905596116882,
      "max": 0.5450732118908016
    },
    "thermal_efficiency": {
      "mean": 0.5653299206638136,
      "std": 0.1747953953249771,
      "min": 0.15648328855455348,
      "max": 0.8097617009621194
    },
    "wear_per_operation": {
      "mean": 0.2863823038296605,
      "std": 0.7584464944822422,
      "min": -0.7337684522345476,
      "max": 1.6871786571962615
    }
  }
}