{
  "0": {
    "precision": 0.9947916666666666,
    "recall": 0.9939288811795317,
    "f1-score": 0.9943600867678959,
    "support": 1153.0
  },
  "1": {
    "precision": 0.8541666666666666,
    "recall": 0.8723404255319149,
    "f1-score": 0.8631578947368421,
    "support": 47.0
  },
  "accuracy": 0.9891666666666666,
  "macro avg": {
    "precision": 0.9244791666666666,
    "recall": 0.9331346533557233,
    "f1-score": 0.928758990752369,
    "support": 1200.0
  },
  "weighted avg": {
    "precision": 0.9892838541666665,
    "recall": 0.9891666666666666,
    "f1-score": 0.9892213342466795,
    "support": 1200.0
  }
}