{
  "0": {
    "precision": 0.9648535564853556,
    "recall": 1.0,
    "f1-score": 0.9821124361158433,
    "support": 1153.0
  },
  "1": {
    "precision": 1.0,
    "recall": 0.10638297872340426,
    "f1-score": 0.19230769230769232,
    "support": 47.0
  },
  "accuracy": 0.965,
  "macro avg": {
    "precision": 0.9824267782426779,
    "recall": 0.5531914893617021,
    "f1-score": 0.5872100642117678,
    "support": 1200.0
  },
  "weighted avg": {
    "precision": 0.9662301255230125,
    "recall": 0.965,
    "f1-score": 0.9511784169833573,
    "support": 1200.0
  }
}